policy_id,rseed,num_req,adm_rate,succ_order_rate,service_rate
NomiSch-NomiSchCpl-NomiSchCpl,15.5,125.72021857923497,26.43626431693989,61.65077967213114,16.312105901639345
